[{"model": "admin.logentry", "pk": 1, "fields": {"action_time": "2021-09-26T23:18:34.892Z", "user": 1, "content_type": 8, "object_id": "1", "object_repr": "ukkpower@gmail.com", "action_flag": 2, "change_message": "[{\"changed\": {\"fields\": [\"Verified\", \"Primary\"]}}]"}}, {"model": "admin.logentry", "pk": 2, "fields": {"action_time": "2021-09-28T22:46:19.756Z", "user": 1, "content_type": 13, "object_id": "1", "object_repr": "Cat1", "action_flag": 1, "change_message": "[{\"added\": {}}]"}}, {"model": "admin.logentry", "pk": 3, "fields": {"action_time": "2021-09-28T22:50:03.291Z", "user": 1, "content_type": 14, "object_id": "1", "object_repr": "asdasd", "action_flag": 1, "change_message": "[{\"added\": {}}]"}}, {"model": "admin.logentry", "pk": 4, "fields": {"action_time": "2021-09-29T22:13:31.101Z", "user": 1, "content_type": 15, "object_id": "1", "object_repr": "JOHN HOPKINS", "action_flag": 1, "change_message": "[{\"added\": {}}]"}}, {"model": "admin.logentry", "pk": 5, "fields": {"action_time": "2021-09-30T20:03:17.625Z", "user": 1, "content_type": 16, "object_id": "1", "object_repr": "asdasd", "action_flag": 1, "change_message": "[{\"added\": {}}]"}}, {"model": "admin.logentry", "pk": 6, "fields": {"action_time": "2021-09-30T20:19:11.235Z", "user": 1, "content_type": 16, "object_id": "1", "object_repr": "asdasd", "action_flag": 2, "change_message": "[{\"changed\": {\"fields\": [\"Day\"]}}]"}}, {"model": "admin.logentry", "pk": 7, "fields": {"action_time": "2021-09-30T20:25:32.226Z", "user": 1, "content_type": 16, "object_id": "1", "object_repr": "asdasd", "action_flag": 2, "change_message": "[{\"changed\": {\"fields\": [\"Day\"]}}]"}}, {"model": "admin.logentry", "pk": 8, "fields": {"action_time": "2021-10-12T21:27:30.950Z", "user": 1, "content_type": 13, "object_id": "1", "object_repr": "Weight Lifting", "action_flag": 2, "change_message": "[{\"changed\": {\"fields\": [\"Name\", \"Friendly name\"]}}]"}}, {"model": "admin.logentry", "pk": 9, "fields": {"action_time": "2021-10-12T21:27:44.385Z", "user": 1, "content_type": 13, "object_id": "2", "object_repr": "Cardio", "action_flag": 1, "change_message": "[{\"added\": {}}]"}}, {"model": "admin.logentry", "pk": 10, "fields": {"action_time": "2021-10-12T21:29:19.534Z", "user": 1, "content_type": 13, "object_id": "3", "object_repr": "Well Being", "action_flag": 1, "change_message": "[{\"added\": {}}]"}}, {"model": "admin.logentry", "pk": 11, "fields": {"action_time": "2021-10-12T21:33:16.898Z", "user": 1, "content_type": 14, "object_id": "1", "object_repr": "Yoga", "action_flag": 2, "change_message": "[{\"changed\": {\"fields\": [\"Category\", \"Name\", \"Description\", \"Short\", \"Level\", \"Image\"]}}]"}}, {"model": "admin.logentry", "pk": 12, "fields": {"action_time": "2021-10-12T21:36:05.346Z", "user": 1, "content_type": 14, "object_id": "2", "object_repr": "Boxing", "action_flag": 1, "change_message": "[{\"added\": {}}]"}}, {"model": "admin.logentry", "pk": 13, "fields": {"action_time": "2021-10-12T21:41:45.182Z", "user": 1, "content_type": 14, "object_id": "3", "object_repr": "Weight Training", "action_flag": 1, "change_message": "[{\"added\": {}}]"}}, {"model": "admin.logentry", "pk": 14, "fields": {"action_time": "2021-10-12T21:44:51.877Z", "user": 1, "content_type": 14, "object_id": "4", "object_repr": "HIT Training", "action_flag": 1, "change_message": "[{\"added\": {}}]"}}, {"model": "admin.logentry", "pk": 15, "fields": {"action_time": "2021-10-12T21:47:10.999Z", "user": 1, "content_type": 13, "object_id": "4", "object_repr": "Strength", "action_flag": 1, "change_message": "[{\"added\": {}}]"}}, {"model": "admin.logentry", "pk": 16, "fields": {"action_time": "2021-10-12T21:51:21.408Z", "user": 1, "content_type": 14, "object_id": "5", "object_repr": "Resistance", "action_flag": 1, "change_message": "[{\"added\": {}}]"}}, {"model": "admin.logentry", "pk": 17, "fields": {"action_time": "2021-10-12T22:12:41.634Z", "user": 1, "content_type": 14, "object_id": "6", "object_repr": "Running", "action_flag": 1, "change_message": "[{\"added\": {}}]"}}, {"model": "admin.logentry", "pk": 18, "fields": {"action_time": "2021-10-12T22:12:57.251Z", "user": 1, "content_type": 14, "object_id": "6", "object_repr": "Running", "action_flag": 2, "change_message": "[{\"changed\": {\"fields\": [\"Image\"]}}]"}}, {"model": "admin.logentry", "pk": 19, "fields": {"action_time": "2021-10-12T22:15:38.567Z", "user": 1, "content_type": 14, "object_id": "1", "object_repr": "Yoga", "action_flag": 2, "change_message": "[{\"changed\": {\"fields\": [\"Duration\"]}}]"}}, {"model": "admin.logentry", "pk": 20, "fields": {"action_time": "2021-10-12T22:40:25.576Z", "user": 1, "content_type": 15, "object_id": "1", "object_repr": "Gabbi B", "action_flag": 2, "change_message": "[{\"changed\": {\"fields\": [\"Name\", \"Bio\"]}}]"}}, {"model": "admin.logentry", "pk": 21, "fields": {"action_time": "2021-10-12T23:05:13.753Z", "user": 1, "content_type": 15, "object_id": "1", "object_repr": "Gabbi B", "action_flag": 2, "change_message": "[{\"changed\": {\"fields\": [\"Bio\"]}}]"}}, {"model": "admin.logentry", "pk": 22, "fields": {"action_time": "2021-10-12T23:08:27.662Z", "user": 1, "content_type": 15, "object_id": "2", "object_repr": "John V", "action_flag": 1, "change_message": "[{\"added\": {}}]"}}, {"model": "admin.logentry", "pk": 23, "fields": {"action_time": "2021-10-12T23:20:36.846Z", "user": 1, "content_type": 15, "object_id": "2", "object_repr": "John V", "action_flag": 2, "change_message": "[]"}}, {"model": "admin.logentry", "pk": 24, "fields": {"action_time": "2021-10-12T23:21:52.469Z", "user": 1, "content_type": 15, "object_id": "2", "object_repr": "John V", "action_flag": 2, "change_message": "[{\"changed\": {\"fields\": [\"Bio\"]}}]"}}, {"model": "admin.logentry", "pk": 25, "fields": {"action_time": "2021-10-13T15:25:46.319Z", "user": 1, "content_type": 15, "object_id": "3", "object_repr": "Louis L", "action_flag": 1, "change_message": "[{\"added\": {}}]"}}, {"model": "admin.logentry", "pk": 26, "fields": {"action_time": "2021-10-13T15:28:11.233Z", "user": 1, "content_type": 15, "object_id": "4", "object_repr": "Brittany W", "action_flag": 1, "change_message": "[{\"added\": {}}]"}}, {"model": "admin.logentry", "pk": 27, "fields": {"action_time": "2021-10-13T15:28:57.553Z", "user": 1, "content_type": 15, "object_id": "3", "object_repr": "Louis L", "action_flag": 2, "change_message": "[{\"changed\": {\"fields\": [\"Bio\"]}}]"}}, {"model": "admin.logentry", "pk": 28, "fields": {"action_time": "2021-10-13T15:29:26.386Z", "user": 1, "content_type": 15, "object_id": "2", "object_repr": "John V", "action_flag": 2, "change_message": "[{\"changed\": {\"fields\": [\"Bio\"]}}]"}}, {"model": "admin.logentry", "pk": 29, "fields": {"action_time": "2021-10-13T15:29:46.231Z", "user": 1, "content_type": 15, "object_id": "1", "object_repr": "Gabbi B", "action_flag": 2, "change_message": "[{\"changed\": {\"fields\": [\"Bio\"]}}]"}}, {"model": "admin.logentry", "pk": 30, "fields": {"action_time": "2021-10-13T15:35:24.826Z", "user": 1, "content_type": 15, "object_id": "4", "object_repr": "Brittany W", "action_flag": 2, "change_message": "[{\"changed\": {\"fields\": [\"Bio\"]}}]"}}, {"model": "admin.logentry", "pk": 31, "fields": {"action_time": "2021-10-13T15:36:06.473Z", "user": 1, "content_type": 15, "object_id": "3", "object_repr": "Louis L", "action_flag": 2, "change_message": "[{\"changed\": {\"fields\": [\"Bio\"]}}]"}}, {"model": "admin.logentry", "pk": 32, "fields": {"action_time": "2021-10-13T15:36:19.314Z", "user": 1, "content_type": 15, "object_id": "2", "object_repr": "John V", "action_flag": 2, "change_message": "[{\"changed\": {\"fields\": [\"Bio\"]}}]"}}, {"model": "admin.logentry", "pk": 33, "fields": {"action_time": "2021-10-13T15:36:58.191Z", "user": 1, "content_type": 15, "object_id": "1", "object_repr": "Gabbi B", "action_flag": 2, "change_message": "[{\"changed\": {\"fields\": [\"Bio\"]}}]"}}, {"model": "admin.logentry", "pk": 34, "fields": {"action_time": "2021-10-13T16:06:34.773Z", "user": 1, "content_type": 15, "object_id": "4", "object_repr": "Brittany W", "action_flag": 2, "change_message": "[]"}}, {"model": "admin.logentry", "pk": 35, "fields": {"action_time": "2021-10-13T19:38:06.644Z", "user": 1, "content_type": 14, "object_id": "1", "object_repr": "Yoga", "action_flag": 2, "change_message": "[{\"changed\": {\"fields\": [\"Description\", \"Trainer\"]}}]"}}, {"model": "admin.logentry", "pk": 36, "fields": {"action_time": "2021-10-13T19:40:53.317Z", "user": 1, "content_type": 14, "object_id": "1", "object_repr": "Yoga", "action_flag": 2, "change_message": "[{\"changed\": {\"fields\": [\"Description\"]}}]"}}, {"model": "admin.logentry", "pk": 37, "fields": {"action_time": "2021-10-13T20:50:57.547Z", "user": 1, "content_type": 14, "object_id": "1", "object_repr": "Yoga", "action_flag": 2, "change_message": "[{\"changed\": {\"fields\": [\"Trainer\"]}}]"}}, {"model": "admin.logentry", "pk": 38, "fields": {"action_time": "2021-10-13T21:19:34.512Z", "user": 1, "content_type": 16, "object_id": "2", "object_repr": "Yoga", "action_flag": 1, "change_message": "[{\"added\": {}}]"}}, {"model": "admin.logentry", "pk": 39, "fields": {"action_time": "2021-10-13T21:20:08.489Z", "user": 1, "content_type": 16, "object_id": "3", "object_repr": "Weight Training", "action_flag": 1, "change_message": "[{\"added\": {}}]"}}, {"model": "admin.logentry", "pk": 40, "fields": {"action_time": "2021-10-13T21:20:44.561Z", "user": 1, "content_type": 16, "object_id": "4", "object_repr": "Resistance", "action_flag": 1, "change_message": "[{\"added\": {}}]"}}, {"model": "admin.logentry", "pk": 41, "fields": {"action_time": "2021-10-13T21:33:22.718Z", "user": 1, "content_type": 16, "object_id": "5", "object_repr": "Boxing", "action_flag": 1, "change_message": "[{\"added\": {}}]"}}, {"model": "admin.logentry", "pk": 42, "fields": {"action_time": "2021-10-13T21:33:56.508Z", "user": 1, "content_type": 16, "object_id": "6", "object_repr": "Running", "action_flag": 1, "change_message": "[{\"added\": {}}]"}}, {"model": "admin.logentry", "pk": 43, "fields": {"action_time": "2021-10-13T21:34:34.735Z", "user": 1, "content_type": 16, "object_id": "7", "object_repr": "Weight Training", "action_flag": 1, "change_message": "[{\"added\": {}}]"}}, {"model": "admin.logentry", "pk": 44, "fields": {"action_time": "2021-10-13T21:35:11.718Z", "user": 1, "content_type": 16, "object_id": "8", "object_repr": "HIT Training", "action_flag": 1, "change_message": "[{\"added\": {}}]"}}, {"model": "admin.logentry", "pk": 45, "fields": {"action_time": "2021-10-13T21:35:30.532Z", "user": 1, "content_type": 16, "object_id": "9", "object_repr": "Boxing", "action_flag": 1, "change_message": "[{\"added\": {}}]"}}, {"model": "admin.logentry", "pk": 46, "fields": {"action_time": "2021-10-13T21:38:24.838Z", "user": 1, "content_type": 16, "object_id": "10", "object_repr": "Yoga", "action_flag": 1, "change_message": "[{\"added\": {}}]"}}, {"model": "admin.logentry", "pk": 47, "fields": {"action_time": "2021-10-13T21:38:51.611Z", "user": 1, "content_type": 16, "object_id": "11", "object_repr": "Running", "action_flag": 1, "change_message": "[{\"added\": {}}]"}}, {"model": "admin.logentry", "pk": 48, "fields": {"action_time": "2021-10-13T21:42:29.947Z", "user": 1, "content_type": 16, "object_id": "12", "object_repr": "Boxing", "action_flag": 1, "change_message": "[{\"added\": {}}]"}}, {"model": "admin.logentry", "pk": 49, "fields": {"action_time": "2021-10-13T21:43:00.783Z", "user": 1, "content_type": 16, "object_id": "13", "object_repr": "Boxing", "action_flag": 1, "change_message": "[{\"added\": {}}]"}}, {"model": "admin.logentry", "pk": 50, "fields": {"action_time": "2021-10-13T21:43:22.557Z", "user": 1, "content_type": 16, "object_id": "14", "object_repr": "Weight Training", "action_flag": 1, "change_message": "[{\"added\": {}}]"}}, {"model": "admin.logentry", "pk": 51, "fields": {"action_time": "2021-10-13T21:43:47.212Z", "user": 1, "content_type": 16, "object_id": "15", "object_repr": "HIT Training", "action_flag": 1, "change_message": "[{\"added\": {}}]"}}, {"model": "admin.logentry", "pk": 52, "fields": {"action_time": "2021-10-13T21:46:38.556Z", "user": 1, "content_type": 16, "object_id": "16", "object_repr": "Running", "action_flag": 1, "change_message": "[{\"added\": {}}]"}}, {"model": "admin.logentry", "pk": 53, "fields": {"action_time": "2021-10-13T21:46:58.754Z", "user": 1, "content_type": 16, "object_id": "17", "object_repr": "Resistance", "action_flag": 1, "change_message": "[{\"added\": {}}]"}}, {"model": "admin.logentry", "pk": 54, "fields": {"action_time": "2021-10-13T21:48:49.473Z", "user": 1, "content_type": 16, "object_id": "18", "object_repr": "Weight Training", "action_flag": 1, "change_message": "[{\"added\": {}}]"}}, {"model": "admin.logentry", "pk": 55, "fields": {"action_time": "2021-10-13T21:49:10.243Z", "user": 1, "content_type": 16, "object_id": "19", "object_repr": "HIT Training", "action_flag": 1, "change_message": "[{\"added\": {}}]"}}, {"model": "admin.logentry", "pk": 56, "fields": {"action_time": "2021-10-13T21:49:30.615Z", "user": 1, "content_type": 16, "object_id": "20", "object_repr": "Resistance", "action_flag": 1, "change_message": "[{\"added\": {}}]"}}, {"model": "admin.logentry", "pk": 57, "fields": {"action_time": "2021-10-13T21:51:30.833Z", "user": 1, "content_type": 16, "object_id": "21", "object_repr": "Boxing", "action_flag": 1, "change_message": "[{\"added\": {}}]"}}, {"model": "admin.logentry", "pk": 58, "fields": {"action_time": "2021-10-13T21:52:08.304Z", "user": 1, "content_type": 16, "object_id": "22", "object_repr": "Weight Training", "action_flag": 1, "change_message": "[{\"added\": {}}]"}}, {"model": "admin.logentry", "pk": 59, "fields": {"action_time": "2021-10-13T21:52:28.740Z", "user": 1, "content_type": 16, "object_id": "23", "object_repr": "HIT Training", "action_flag": 1, "change_message": "[{\"added\": {}}]"}}, {"model": "admin.logentry", "pk": 60, "fields": {"action_time": "2021-10-13T21:53:03.374Z", "user": 1, "content_type": 16, "object_id": "24", "object_repr": "Resistance", "action_flag": 1, "change_message": "[{\"added\": {}}]"}}, {"model": "admin.logentry", "pk": 61, "fields": {"action_time": "2021-10-13T21:53:24.286Z", "user": 1, "content_type": 16, "object_id": "25", "object_repr": "Running", "action_flag": 1, "change_message": "[{\"added\": {}}]"}}, {"model": "admin.logentry", "pk": 62, "fields": {"action_time": "2021-10-15T15:47:26.429Z", "user": 1, "content_type": 4, "object_id": "1", "object_repr": "ukkpower@gmail.com", "action_flag": 2, "change_message": "[{\"changed\": {\"fields\": [\"Username\", \"First name\", \"Last name\"]}}]"}}, {"model": "auth.user", "pk": 1, "fields": {"password": "pbkdf2_sha256$260000$BRnNwW5xJRTrpLxPySF0QE$l7fTqSNHiaeKIKFm1KxIfAd4MDElOOioXmGCheXW2bA=", "last_login": "2021-10-13T19:34:17Z", "is_superuser": true, "username": "ukkpower@gmail.com", "first_name": "Keith", "last_name": "Power", "email": "ukkpower@gmail.com", "is_staff": true, "is_active": true, "date_joined": "2021-09-26T20:31:19Z", "groups": [], "user_permissions": []}}, {"model": "auth.user", "pk": 2, "fields": {"password": "pbkdf2_sha256$260000$T7jjaylLiqTh16JjONZSWm$rxTip54Q2+y/EkLLWQhP/But3v9c7IEqx3ZFvy63hPU=", "last_login": null, "is_superuser": false, "username": "test", "first_name": "", "last_name": "", "email": "test@test.com", "is_staff": false, "is_active": true, "date_joined": "2021-10-15T22:31:58.822Z", "groups": [], "user_permissions": []}}, {"model": "sessions.session", "pk": "04g8pxhtbsipmvxgn6hm5w4m5qev6hba", "fields": {"session_data": ".eJxVjsEOgjAQRP-lZ9O0lNLC0bvf0Oyyu4KaNqHgxfjvSsJBr_PeTOalEmzrlLbKS5pJDcqq02-GMN4574BukK9FjyWvy4x6V_RBq74U4sf5cP8GJqjTt-3QuxAba4yg74Ijj4ZAWJBcbERa3yOJ7doAEWQ0NjZ9FCaHCIxhf1XhyWnOUtSwLhu_P-PlPuI:1ma3gE:152j1WzoopN5RZ7vRxycMwHmOrBvuZunFK59ha1N5BE", "expire_date": "2021-10-25T22:21:58.362Z"}}, {"model": "sessions.session", "pk": "pyayw47751ubhcqtwwj7c0bn4jogrtad", "fields": {"session_data": "e30:1mZiG3:CihFflR3jFE0mwsmO-RgclTfvRkc7TwTIbWjPLg4kJI", "expire_date": "2021-10-24T23:29:31.098Z"}}, {"model": "sessions.session", "pk": "y7uz0dea17rcodc6zbgtqzqa0xrxrz4m", "fields": {"session_data": "e30:1mZiCk:65P6bqOkc2hOOXLwRquI-WiI-Zi9p3Gn-LoUhcnYvMM", "expire_date": "2021-10-24T23:26:06.107Z"}}, {"model": "sites.site", "pk": 1, "fields": {"domain": "example.com", "name": "example.com"}}, {"model": "account.emailaddress", "pk": 1, "fields": {"user": 1, "email": "ukkpower@gmail.com", "verified": true, "primary": true}}, {"model": "account.emailaddress", "pk": 2, "fields": {"user": 2, "email": "test@test.com", "verified": false, "primary": true}}, {"model": "classes.category", "pk": 1, "fields": {"name": "Weight Lifting", "friendly_name": "Weight Lifting"}}, {"model": "classes.category", "pk": 2, "fields": {"name": "Cardio", "friendly_name": "Cardio"}}, {"model": "classes.category", "pk": 3, "fields": {"name": "Well Being", "friendly_name": "Well Being"}}, {"model": "classes.category", "pk": 4, "fields": {"name": "Strength", "friendly_name": "Strength"}}, {"model": "classes.gymclass", "pk": 1, "fields": {"category": 3, "name": "Yoga", "description": "<p>It&rsquo;s time to roll out your yoga mat and discover the combination of physical and mental exercises that for thousands of years have hooked yoga practitioners around the globe. The beauty of yoga is that you don&rsquo;t have to be a yogi or yogini to reap the benefits. Whether you are young or old, overweight or fit, yoga has the power to calm the mind and strengthen the body. Don&rsquo;t be intimidated by yoga terminology, fancy yoga studios and complicated poses. Yoga is for everyone.</p>\r\n<p>The mental and spiritual aspects of yoga focus on developing mindfulness. This increases your awareness on many levels.</p>\r\n<p>It can make you more conscious of how different foods affect your mind, body, and spirit.</p>\r\n<p>Practicing yoga can help improve the quality of your sleep. You may find that you&rsquo;re able to fall asleep more easily and sleep more deeply when you have a consistent yoga practice. Ideally, you should sleep between 6 and 9 hours each night.</p>", "short": "It’s time to roll out your yoga mat and discover the combination of physical and mental exercises that for thousands of years have hooked yoga practitioners around the globe. The beauty of yoga is that you don’t have to be a yogi or yogini to reap the benefits. Whether you are young or old, overweight or fit, yoga has the power to calm the mind and strengthen the body. Don’t be intimidated by yoga terminology, fancy yoga studios and complicated poses. Yoga is for everyone.", "level": "Mild", "duration": 45, "period": "12", "students": 12, "price": "12.00", "image_url": null, "image": "m5.jpg", "trainer": [2, 3, 4]}}, {"model": "classes.gymclass", "pk": 2, "fields": {"category": 2, "name": "Boxing", "description": "<p>Fitness boxing is also&nbsp;<strong>a great aerobic exercise</strong>. Aerobic exercise gets your heart pumping and helps lower the risk of high blood pressure, heart disease, stroke, and diabetes. It can strengthen bones and muscles, burn more calories, and lift mood.</p>", "short": "Fitness boxing is also a great aerobic exercise. Aerobic exercise gets your heart pumping and helps lower the risk of high blood pressure, heart disease, stroke, and diabetes. It can strengthen bones and muscles, burn more calories, and lift mood.", "level": "Intense", "duration": 50, "period": "12", "students": 10, "price": "12.00", "image_url": null, "image": "m1.jpg", "trainer": [1]}}, {"model": "classes.gymclass", "pk": 3, "fields": {"category": 1, "name": "Weight Training", "description": "<p><span class=\"dropcap\">N</span>o one hits the gym hoping for so-so results. You go in wanting to get 100% out of every rep, run and hard-earned bead of sweat. Weight training&nbsp;is a common type of&nbsp;strength training&nbsp;for developing the&nbsp;strength&nbsp;and size of&nbsp;skeletal muscles.&nbsp;It utilizes the&nbsp;force of gravity&nbsp;in the form of weighted bars,&nbsp;dumbbells&nbsp;or&nbsp;weight stacks&nbsp;in order to oppose the force generated by muscle through&nbsp;concentric&nbsp;or&nbsp;eccentric contraction.&nbsp;</p>", "short": "No one hits the gym hoping for so-so results. You go in wanting to get 100% out of every rep, run and hard-earned bead of sweat. Weight training is a common type of strength training for developing the strength and size of skeletal muscles. It utilizes the force of gravity in the form of weighted bars, dumbbells or weight stacks in order to oppose the force generated by muscle through concentric or eccentric contraction.", "level": "Mild", "duration": 40, "period": "12", "students": 10, "price": "10.00", "image_url": null, "image": "m2.jpg", "trainer": [1]}}, {"model": "classes.gymclass", "pk": 4, "fields": {"category": 2, "name": "HIT Training", "description": "<p>High-intensity training (HIT) is&nbsp;<strong>a form of strength training popularized in the</strong> 1970s by Arthur Jones, the founder of Nautilus. ... The training focuses on performing quality weight training repetitions to the point of momentary muscular failure. The training takes into account the number of repetitions, the amount of weight, and the amount of time the muscle is exposed to&nbsp;tension&nbsp;in order to maximize the amount of&nbsp;muscle fiber recruitment.</p>", "short": "High-intensity training (HIT) is a form of strength training popularized in the 1970s by Arthur Jones, the founder of Nautilus. ... The training focuses on performing quality weight training repetitions to the point of momentary muscular failure. The training takes into account the number of repetitions, the amount of weight, and the amount of time the muscle is exposed to tension in order to maximize the amount of muscle fiber recruitment.", "level": "Intense", "duration": 30, "period": "12", "students": 10, "price": "10.00", "image_url": null, "image": "m3.jpg", "trainer": []}}, {"model": "classes.gymclass", "pk": 5, "fields": {"category": 4, "name": "Resistance", "description": "<p>Resistance training are exercises that cause the muscles to contract against an external resistance with the expectation of increases in strength, tone, mass, and/or endurance. The external resistance can be dumbbells, rubber exercise tubing, your own body weight, bricks, bottles of water, or any other object that causes the muscles to contract. Resistance training is perfect for beginners who whish to eventualy move up to weight training.</p>", "short": "Resistance training are exercises that cause the muscles to contract against an external resistance with the expectation of increases in strength, tone, mass, and/or endurance. The external resistance can be dumbbells, rubber exercise tubing, your own body weight, bricks, bottles of water, or any other object that causes the muscles to contract. Resistance training is perfect for beginners who whish to eventualy move up to weight training.", "level": "Beginner", "duration": 35, "period": "12", "students": 10, "price": "10.00", "image_url": null, "image": "m4.jpg", "trainer": [1]}}, {"model": "classes.gymclass", "pk": 6, "fields": {"category": 2, "name": "Running", "description": "<p>Running strength exercises. If you want to run faster or further, building strength in your legs is a vital part of improving your running. Not only do regular targeted running strength exercises help you improve your running strength, it's also great for developing speed and for injury prevention.&nbsp;</p>", "short": "Running strength exercises. If you want to run faster or further, building strength in your legs is a vital part of improving your running. Not only do regular targeted running strength exercises help you improve your running strength, it's also great for developing speed and for injury prevention.", "level": "Mild", "duration": 40, "period": "12", "students": 10, "price": "10.00", "image_url": null, "image": "blog-5-3.jpg", "trainer": [1]}}, {"model": "classes.trainer", "pk": 1, "fields": {"name": "Gabbi B", "bio": "<p>I provide a one stop shop for all of your exercise and nutrition needs! I am an exercise physiologist, certified personal trainer, group exercise instructor, Pilates teacher and dancer as well as a Registered Dietitian. My combination of exercise and nutrition services, combined with my extensive academic background in each, will help you get the results you're looking for - whether you want to lose weight, build muscle, look more toned, get in shape, develop an exercise routine, or learn how to eat right and exercise for life.</p>\r\n<p>I have a Master's in Exercise Physiology from Columbia University and designed my own major in college to study exercise science, anatomy, physiology, nutrition, kinesiology and psychology. I completed my training as a Registered Dietitian through NYU's graduate nutrition program, as I strongly believe in helping clients achieve their goals holistically through personalized nutrition in addition to exercise.</p>\r\n<p>My extensive academic backgrounds in exercise, nutrition and health provides the basis for my programs. I design all of my clients' workouts based on the most up-to-date exercise science principles as well as client needs and goals. I also create an individualized meal plan for each client, provide assistance with eating behaviors, and offer constant support. I have worked with a broad spectrum of clients spanning a variety of ages, weights, and fitness levels: I have helped individuals who want to lose weight, get in shape, overcome disordered eating, reduce chronic pain , increase energy, improve health and enhance daily functioning. I have also worked with clients with various issues and injuries, including lower back pain, arthritis, poor balance, scoliosis, joint instability, cardiac disease, and diabetes. I view each client as whole person, taking into account his/her entire lifestyle and health status in order to forge the best possible path towards the client's goals.</p>\r\n<h2><strong>What to Expect</strong></h2>\r\n<p>A training session with me will be smartly planned, challenging, form-focused, personalized, and fun. I use sound exercise science principles to ensure that each session is properly designed with a dynamic warm up, exercise progression that meets the client's needs/ goals, and stretch/ cool down. As the session progresses, I adjust my plan based on client needs and performance. I ensure that the client executes proper form for each exercise: I want to every client to exercise safely and effectively, and also to understand the proper muscles to engage so that they move properly in their other workouts. I balance my focus on precision with a down-to-earth demeanor: I keep my training sessions friendly and enjoyable while motivating the client to work harder than he/she thought possible. I ensure the client keeps moving and feels good with a workout that blends cardio, strength and flexibility.</p>\r\n<h2>Specialties</h2>\r\n<ul class=\"specialties\">\r\n<li>Running</li>\r\n<li>High Intensity</li>\r\n<li>Calisthenics</li>\r\n<li>Core</li>\r\n</ul>", "image_url": null, "image": "pic1.jpg"}}, {"model": "classes.trainer", "pk": 2, "fields": {"name": "John V", "bio": "<p>Hello and thank you for your interest! My number one objective is to help my clients achieve their goals using the most efficient tools and methods available. I have been training people for six years and have worked with many different people from young, athletic men and women, to beginners, to people simply looking to stay or become healthy, mobile and strong, and shed a few pounds. I love working with people and helping them better themselves.</p>\r\n<p>I prefer foundational movements and apply different modalities including my favorite, traditional strength training, as well as body-weight work, coordination and stability movements. I believe form is paramount to training safely and effectively. I'm currently studying to become a Physical Therapist. As a type one diabetic and celiac, I also have an extensive background in nutrition and different diets. I work in both gyms and home environments, getting creative if necessary. Whether you are looking for one session or a longer term relationship with a trainer, I hope we can work together and achieve your goals.</p>\r\n<p>Message me for any information and to see if we are a good match! I work mostly in Astoria and LIC, and Manhattan. I try my best to work out the best schedules for myself and my clients.</p>\r\n<h2><strong>What to Expect</strong></h2>\r\n<p>Clear communication, attention to detail and on-the-go correction, and a workout that will bring them closer to their goal. I like to start with a small warmup/prep, then the prescribed set of movements.</p>\r\n<h2><strong>Client Success Story</strong></h2>\r\n<p>One of my favorite successes was from a young female client who went from only doing a few knee pushups to sets of 10 full pushups in only a couple of months. Many take the humble pushup for granted, but relative to her starting point, she had made great strides in upper body strength and more importantly, confidence in the gym.</p>\r\n<h2>Specialties</h2>\r\n<ul class=\"specialties\">\r\n<li>Aerobics</li>\r\n<li>High Intensity</li>\r\n<li>Calisthenics</li>\r\n<li>Core</li>\r\n</ul>", "image_url": null, "image": "MARK.jpg"}}, {"model": "classes.trainer", "pk": 3, "fields": {"name": "Louis L", "bio": "<p>My name is Louis Labonte and I&rsquo;m an ISSA CPT with 9 years of professional experience in training and certified as a nutritionist.<br style=\"box-sizing: border-box;\" />In 2010 , before I become a fitness trainer , I was obese along with diabetes type 2 and at that time I did not take that matter serious at hands until one day I was sitting in couch and I felt my heart is pounding with a heavy breathing signs and suddenly I realized that I had a major stroke .<br style=\"box-sizing: border-box;\" />During that time I was 230 pound and quite be honest I thought that my life will stop at this point and I did not know what the next step to live an healthy life due to my complications.<br style=\"box-sizing: border-box;\" />Luckily one day , one of my friend who know about my issues was introduced me to one of the top fitness experts by name Jimstoppany.com to follow up some fitness training program via online .<br style=\"box-sizing: border-box;\" />Since after all my life and health got better and I starting to learn my fitness knowledge and expertise start to grow by learning different workout mechanisms, training system and goals, dieting .<br style=\"box-sizing: border-box;\" />When it comes to fitness know one can beat me in that categories and I do make sure that I read and study tone of article about fitness program, proper training design to implement on my self and on others .<br style=\"box-sizing: border-box;\" />I will apply the same methods that I learned throughout my experience in training and along working with others to provide into your training l .</p>\r\n<p>My responsibility as your personal trainer is to find the right training program that fit your overall goal and also correct all the exercise form in order to prevent any type of pain and injuries .<br style=\"box-sizing: border-box;\" />I create custom training programs and dieting for your specific needs and goals. You will find that all of my programs focus on the whole body. There are many benefits to training the full body:</p>\r\n<p>1) Build muscle mass / tone it up<br style=\"box-sizing: border-box;\" />2) burn calories<br style=\"box-sizing: border-box;\" />3) Build strength/stamina<br style=\"box-sizing: border-box;\" />3) Fit for your overall fitness fitness .<br style=\"box-sizing: border-box;\" />My commitment to you: I want you to succeed no matter what your goals are. If you want a trainer that cares, is reliable and that I am the trainer for you. Whether you are a novice in the gym or a trained veteran, my training program will help take your fitness goals to the next level .<br style=\"box-sizing: border-box;\" />I guarantee you will find your happiness, joy, and satisfaction.</p>\r\n<h2>What to Expect</h2>\r\n<p>My main focus is to help get the result and reach your goal. I will demonstrate you how to lift weight in a properly manner and design a work out plan for you base on your need. I will instruct you with proper nutrition plan as well. All my work is fun.</p>\r\n<h2>Specialties</h2>\r\n<ul class=\"specialties\">\r\n<li>Aerobics</li>\r\n<li>High Intensity</li>\r\n<li>Calisthenics</li>\r\n<li>Core</li>\r\n</ul>", "image_url": null, "image": "pic3.jpg"}}, {"model": "classes.trainer", "pk": 4, "fields": {"name": "Brittany W", "bio": "<p>Hi, my name is Brittany. I'm currently a personal trainer at one of New York's top fitness centers. I am NASM, Precision Nutrition level 1 and pre/post natal certified. I've always been interested in fitness. I've been a dancer my whole life, I did cross country in middle school, track in high school and started lifting in college (and never stopped). I pursued a degree in finance, but fitness has always been my passion. I started training my friends and coworkers for fun, then one day I decided that I would go full-hearted into personal training and leave my finance career.</p>\r\n<h2>What to Expect</h2>\r\n<p>My sessions last for an hour. Usually we will start with foam rolling (if you can you can do this on your own before I get there). Then we will so some dynamic warming up. Followed by 2 circuits of resistance training, each with 3 exercises for 4 sets ( depending on the goals of the client). After that we will do 10 minutes of interval cardio (depending on goal and time allotted). Followed by stretching.</p>\r\n<h2>Specialties</h2>\r\n<ul class=\"specialties\">\r\n<li>Aerobics</li>\r\n<li>Bodyweight Training</li>\r\n<li>Calisthenics</li>\r\n<li>Core</li>\r\n</ul>", "image_url": null, "image": "pic4.jpg"}}, {"model": "classes.timetable", "pk": 1, "fields": {"gym_class": 1, "start_date": "2021-09-16", "end_date": "2021-09-30", "day": "Monday", "time_slot": "9:00 am", "trainer": 1}}, {"model": "classes.timetable", "pk": 2, "fields": {"gym_class": 1, "start_date": "2021-10-13", "end_date": "2022-03-18", "day": "Tuesday", "time_slot": "6:00 pm", "trainer": 1}}, {"model": "classes.timetable", "pk": 3, "fields": {"gym_class": 3, "start_date": "2021-10-13", "end_date": "2022-02-17", "day": "Monday", "time_slot": "1:00 pm", "trainer": 3}}, {"model": "classes.timetable", "pk": 4, "fields": {"gym_class": 5, "start_date": "2021-10-13", "end_date": "2022-02-24", "day": "Monday", "time_slot": "3:00 pm", "trainer": 2}}, {"model": "classes.timetable", "pk": 5, "fields": {"gym_class": 2, "start_date": "2021-10-13", "end_date": "2022-03-03", "day": "Tuesday", "time_slot": "12:00 pm", "trainer": 2}}, {"model": "classes.timetable", "pk": 6, "fields": {"gym_class": 6, "start_date": "2021-10-13", "end_date": "2022-03-01", "day": "Tuesday", "time_slot": "3:00 pm", "trainer": 2}}, {"model": "classes.timetable", "pk": 7, "fields": {"gym_class": 3, "start_date": "2021-10-13", "end_date": "2022-04-29", "day": "Tuesday", "time_slot": "5:00 pm", "trainer": 3}}, {"model": "classes.timetable", "pk": 8, "fields": {"gym_class": 4, "start_date": "2021-10-13", "end_date": "2022-03-11", "day": "Wednesday", "time_slot": "10:00 am", "trainer": 3}}, {"model": "classes.timetable", "pk": 9, "fields": {"gym_class": 2, "start_date": "2021-10-13", "end_date": "2022-02-03", "day": "Wednesday", "time_slot": "1:00 pm", "trainer": 3}}, {"model": "classes.timetable", "pk": 10, "fields": {"gym_class": 1, "start_date": "2021-10-13", "end_date": "2022-02-17", "day": "Wednesday", "time_slot": "4:00 pm", "trainer": 3}}, {"model": "classes.timetable", "pk": 11, "fields": {"gym_class": 6, "start_date": "2021-10-13", "end_date": "2022-05-05", "day": "Wednesday", "time_slot": "7:00 pm", "trainer": 3}}, {"model": "classes.timetable", "pk": 12, "fields": {"gym_class": 2, "start_date": "2021-10-13", "end_date": "2022-02-03", "day": "Thursday", "time_slot": "9:00 am", "trainer": 1}}, {"model": "classes.timetable", "pk": 13, "fields": {"gym_class": 2, "start_date": "2021-10-13", "end_date": "2022-02-03", "day": "Thursday", "time_slot": "1:00 pm", "trainer": 2}}, {"model": "classes.timetable", "pk": 14, "fields": {"gym_class": 3, "start_date": "2021-10-13", "end_date": "2022-03-10", "day": "Thursday", "time_slot": "2:00 pm", "trainer": 3}}, {"model": "classes.timetable", "pk": 15, "fields": {"gym_class": 4, "start_date": "2021-10-13", "end_date": "2022-03-03", "day": "Thursday", "time_slot": "5:00 pm", "trainer": 3}}, {"model": "classes.timetable", "pk": 16, "fields": {"gym_class": 6, "start_date": "2021-10-13", "end_date": "2022-03-04", "day": "Friday", "time_slot": "10:00 am", "trainer": 2}}, {"model": "classes.timetable", "pk": 17, "fields": {"gym_class": 5, "start_date": "2021-10-13", "end_date": "2022-02-01", "day": "Friday", "time_slot": "5:00 pm", "trainer": 3}}, {"model": "classes.timetable", "pk": 18, "fields": {"gym_class": 3, "start_date": "2021-10-13", "end_date": "2022-02-10", "day": "Saturday", "time_slot": "12:00 pm", "trainer": 4}}, {"model": "classes.timetable", "pk": 19, "fields": {"gym_class": 4, "start_date": "2021-10-13", "end_date": "2022-01-01", "day": "Saturday", "time_slot": "2:00 pm", "trainer": 2}}, {"model": "classes.timetable", "pk": 20, "fields": {"gym_class": 5, "start_date": "2021-10-13", "end_date": "2022-02-05", "day": "Saturday", "time_slot": "4:00 pm", "trainer": 1}}, {"model": "classes.timetable", "pk": 21, "fields": {"gym_class": 2, "start_date": "2021-10-13", "end_date": "2022-02-03", "day": "Sunday", "time_slot": "9:00 am", "trainer": 1}}, {"model": "classes.timetable", "pk": 22, "fields": {"gym_class": 3, "start_date": "2021-10-13", "end_date": "2022-03-11", "day": "Sunday", "time_slot": "1:00 pm", "trainer": 2}}, {"model": "classes.timetable", "pk": 23, "fields": {"gym_class": 4, "start_date": "2021-10-13", "end_date": "2022-07-09", "day": "Sunday", "time_slot": "3:00 pm", "trainer": 3}}, {"model": "classes.timetable", "pk": 24, "fields": {"gym_class": 5, "start_date": "2021-10-13", "end_date": "2022-03-05", "day": "Sunday", "time_slot": "5:00 pm", "trainer": 1}}, {"model": "classes.timetable", "pk": 25, "fields": {"gym_class": 6, "start_date": "2021-10-13", "end_date": "2022-04-01", "day": "Sunday", "time_slot": "6:00 pm", "trainer": 2}}, {"model": "checkout.order", "pk": 1, "fields": {"order_number": "2117F9B3E83F400B8D8C3BD4AAD2ABAA", "user_profile": null, "full_name": "Keith Power", "email": "ukkpower@gmail.com", "phone_number": "0851057415", "postcode": "X91 CDE5", "town_or_city": "Waterford", "street_address1": "38 Roanmore Terrace, Cannon St.", "street_address2": null, "county": "Waterford", "date": "2021-10-06T00:06:34.169Z", "order_total": "0.00", "original_cart": "{\"1\": 4}", "stripe_pid": "pi_3JhNeECec8PIF8in1Syev41A"}}, {"model": "checkout.order", "pk": 2, "fields": {"order_number": "121940626A904A32976C45467B812E39", "user_profile": null, "full_name": "Keith Power", "email": "ukkpower@gmail.com", "phone_number": "0851057415", "postcode": "X91 CDE5", "town_or_city": "Waterford", "street_address1": "38 Roanmore Terrace, Cannon St.", "street_address2": null, "county": "Waterford", "date": "2021-10-06T00:09:17.928Z", "order_total": "48.00", "original_cart": "{\"1\": 4}", "stripe_pid": "pi_3JhNgvCec8PIF8in1ODjEKtl"}}, {"model": "checkout.order", "pk": 3, "fields": {"order_number": "B6AB0BFE34C94BF0A72C351EF4FED3AB", "user_profile": null, "full_name": "Keith Power", "email": "ukkpower@gmail.com", "phone_number": "0851057415", "postcode": "X91 CDE5", "town_or_city": "Waterford", "street_address1": "38 Roanmore Terrace, Cannon St.", "street_address2": null, "county": "Waterford", "date": "2021-10-08T00:07:15.779Z", "order_total": "12.00", "original_cart": "{\"1\": 1}", "stripe_pid": "pi_3Ji6bzCec8PIF8in1QMJSNpy"}}, {"model": "checkout.order", "pk": 4, "fields": {"order_number": "AEAAD5E34088473788AAE1512EADEEE0", "user_profile": null, "full_name": "Keith Power", "email": "ukkpower@gmail.com", "phone_number": "0851057415", "postcode": "X91 CDE5", "town_or_city": "Waterford", "street_address1": "38 Roanmore Terrace, Cannon St.", "street_address2": null, "county": "Waterford", "date": "2021-10-08T00:20:14.873Z", "order_total": "12.00", "original_cart": "{\"1\": 1}", "stripe_pid": "pi_3Ji6odCec8PIF8in097dlI02"}}, {"model": "checkout.order", "pk": 5, "fields": {"order_number": "242FEB6C7FA94EAAB34A0D3536C0F884", "user_profile": null, "full_name": "Keith Power", "email": "ukkpower@gmail.com", "phone_number": "0851057415", "postcode": "X91 CDE5", "town_or_city": "Waterford", "street_address1": "38 Roanmore Terrace, Cannon St.", "street_address2": null, "county": "Waterford", "date": "2021-10-08T00:25:24.676Z", "order_total": "12.00", "original_cart": "{\"1\": 1}", "stripe_pid": "pi_3Ji6tdCec8PIF8in0xUFcovT"}}, {"model": "checkout.order", "pk": 6, "fields": {"order_number": "9CBCD48278484C4D82D5EFD5601FA8D0", "user_profile": null, "full_name": "Keith Power", "email": "ukkpower@gmail.com", "phone_number": "0851057415", "postcode": "X91 CDE5", "town_or_city": "Waterford", "street_address1": "38 Roanmore Terrace, Cannon St.", "street_address2": null, "county": "Waterford", "date": "2021-10-08T06:57:20.127Z", "order_total": "24.00", "original_cart": "{\"1\": 2}", "stripe_pid": "pi_3JiCytCec8PIF8in0wqwGaaF"}}, {"model": "checkout.order", "pk": 7, "fields": {"order_number": "9869EC6BD36046DAB9E63BE5EF1308B4", "user_profile": null, "full_name": "Keith Power", "email": "ukkpower@gmail.com", "phone_number": "0851057415", "postcode": "X91 CDE5", "town_or_city": "Waterford", "street_address1": "38 Roanmore Terrace, Cannon St.", "street_address2": null, "county": "Waterford", "date": "2021-10-10T23:00:04.292Z", "order_total": "12.00", "original_cart": "{\"1\": 1}", "stripe_pid": "pi_3JjAzbCec8PIF8in075fDn6h"}}, {"model": "checkout.order", "pk": 8, "fields": {"order_number": "32366CBF306E45848D0E5B780318CB8C", "user_profile": 1, "full_name": "Keith Power", "email": "ukkpower@gmail.com", "phone_number": "0851057415", "postcode": "X91 CDE5", "town_or_city": "Waterford", "street_address1": "38 Roanmore Terrace, Cannon St.", "street_address2": null, "county": "Waterford", "date": "2021-10-11T06:33:39.009Z", "order_total": "12.00", "original_cart": "{\"1\": 1}", "stripe_pid": "pi_3JjI4fCec8PIF8in1ooVcmhY"}}, {"model": "checkout.order", "pk": 9, "fields": {"order_number": "A88671094C9B49AF80C8AC95897804AC", "user_profile": 1, "full_name": "Keith Power", "email": "ukkpower@gmail.com", "phone_number": "0851057415", "postcode": "X91 CDE5", "town_or_city": "Waterford", "street_address1": "38 Roanmore Terrace, Cannon St.", "street_address2": null, "county": "Waterford", "date": "2021-10-11T06:39:18.976Z", "order_total": "12.00", "original_cart": "{\"1\": 1}", "stripe_pid": "pi_3JjIA1Cec8PIF8in0Bvt1U7B"}}, {"model": "checkout.order", "pk": 10, "fields": {"order_number": "7DB91EBDFEE640238E93EC11F8139B86", "user_profile": 1, "full_name": "Keith Power", "email": "ukkpower@gmail.com", "phone_number": "0851057415", "postcode": "X91 CDE5", "town_or_city": "Waterford", "street_address1": "38 Roanmore Terrace, Cannon St.", "street_address2": null, "county": "Waterford", "date": "2021-10-11T21:58:20.604Z", "order_total": "12.00", "original_cart": "{\"1\": 1}", "stripe_pid": "pi_3JjWVNCec8PIF8in04dykBWh"}}, {"model": "checkout.order", "pk": 11, "fields": {"order_number": "01F3E535B5C34111B574E3F60A3948A7", "user_profile": 1, "full_name": "Keith Power", "email": "ukkpower@gmail.com", "phone_number": "0851057415", "postcode": "X91 CDE5", "town_or_city": "Waterford", "street_address1": "38 Roanmore Terrace, Cannon St.", "street_address2": null, "county": "Waterford", "date": "2021-10-11T22:08:19.839Z", "order_total": "12.00", "original_cart": "{\"1\": 1}", "stripe_pid": "pi_3JjWf9Cec8PIF8in082WDxba"}}, {"model": "checkout.order", "pk": 12, "fields": {"order_number": "78175939CF4A4501B50DCDEC0C2C4716", "user_profile": 1, "full_name": "Keith Power", "email": "ukkpower@gmail.com", "phone_number": "0851057415", "postcode": "X91 CDE5", "town_or_city": "Waterford", "street_address1": "38 Roanmore Terrace, Cannon St.", "street_address2": null, "county": "Waterford", "date": "2021-10-11T22:08:25.290Z", "order_total": "12.00", "original_cart": "{\"1\": 1}", "stripe_pid": "pi_3JjWf9Cec8PIF8in082WDxba"}}, {"model": "checkout.order", "pk": 13, "fields": {"order_number": "B2A843004CC34901B373C4BF31D8CDF4", "user_profile": 1, "full_name": "Keith Power", "email": "ukkpower@gmail.com", "phone_number": "0851057415", "postcode": "X91 CDE5", "town_or_city": "Waterford", "street_address1": "38 Roanmore Terrace, Cannon St.", "street_address2": null, "county": "Waterford", "date": "2021-10-11T22:18:57.368Z", "order_total": "12.00", "original_cart": "{\"1\": 1}", "stripe_pid": "pi_3JjWnVCec8PIF8in1K4Oc11K"}}, {"model": "checkout.order", "pk": 14, "fields": {"order_number": "DDFF08749AFA4124A2551CCB8F059CFF", "user_profile": 1, "full_name": "Keith Power", "email": "ukkpower@gmail.com", "phone_number": "0851057415", "postcode": "X91 CDE5", "town_or_city": "Waterford", "street_address1": "38 Roanmore Terrace, Cannon St.", "street_address2": null, "county": "Waterford", "date": "2021-10-11T22:19:02.862Z", "order_total": "12.00", "original_cart": "{\"1\": 1}", "stripe_pid": "pi_3JjWnVCec8PIF8in1K4Oc11K"}}, {"model": "checkout.order", "pk": 15, "fields": {"order_number": "22AD2FB247584491B89FC32FD02EC606", "user_profile": 1, "full_name": "Keith Power", "email": "ukkpower@gmail.com", "phone_number": "0851057415", "postcode": "X91 CDE5", "town_or_city": "Waterford", "street_address1": "38 Roanmore Terrace, Cannon St.", "street_address2": null, "county": "Waterford", "date": "2021-10-11T22:21:58.140Z", "order_total": "12.00", "original_cart": "{\"1\": 1}", "stripe_pid": "pi_3JjWsOCec8PIF8in1vOlVt28"}}, {"model": "checkout.order", "pk": 16, "fields": {"order_number": "61ACF1838D114E49AA99DF057F522E5E", "user_profile": 1, "full_name": "Keith Power", "email": "ukkpower@gmail.com", "phone_number": "0851057415", "postcode": "X91 CDE5", "town_or_city": "Waterford", "street_address1": "38 Roanmore Terrace, Cannon St.", "street_address2": null, "county": "Waterford", "date": "2021-10-11T22:22:03.698Z", "order_total": "12.00", "original_cart": "{\"1\": 1}", "stripe_pid": "pi_3JjWsOCec8PIF8in1vOlVt28"}}, {"model": "checkout.order", "pk": 17, "fields": {"order_number": "AB9EB7A7A0314C90AEFB4967FB6D5BB7", "user_profile": 1, "full_name": "Keith Power", "email": "ukkpower@gmail.com", "phone_number": "0851057415", "postcode": "X91 CDE5", "town_or_city": "Waterford", "street_address1": "38 Roanmore Terrace, Cannon St.", "street_address2": null, "county": "Waterford", "date": "2021-10-11T22:57:55.472Z", "order_total": "12.00", "original_cart": "{\"1\": 1}", "stripe_pid": "pi_3JjWVNCec8PIF8in04dykBWh"}}, {"model": "checkout.order", "pk": 18, "fields": {"order_number": "DE751E87BF1349768105F4933F2201AC", "user_profile": 1, "full_name": "Keith Power", "email": "ukkpower@gmail.com", "phone_number": "0851057415", "postcode": "X91 CDE5", "town_or_city": "Waterford", "street_address1": "38 Roanmore Terrace, Cannon St.", "street_address2": null, "county": "Waterford", "date": "2021-10-11T23:07:49.061Z", "order_total": "12.00", "original_cart": "{\"1\": 1}", "stripe_pid": "pi_3JjWf9Cec8PIF8in082WDxba"}}, {"model": "checkout.order", "pk": 19, "fields": {"order_number": "35537F1C02A847F2ACAF986194047A5B", "user_profile": 1, "full_name": "Keith Power", "email": "ukkpower@gmail.com", "phone_number": "0851057415", "postcode": "X91 CDE5", "town_or_city": "Waterford", "street_address1": "38 Roanmore Terrace, Cannon St.", "street_address2": null, "county": "Waterford", "date": "2021-10-11T23:18:50.818Z", "order_total": "12.00", "original_cart": "{\"1\": 1}", "stripe_pid": "pi_3JjWnVCec8PIF8in1K4Oc11K"}}, {"model": "checkout.order", "pk": 20, "fields": {"order_number": "B3DDA090309844919CA7BFC17086B4A9", "user_profile": 1, "full_name": "Keith Power", "email": "ukkpower@gmail.com", "phone_number": "085105741577", "postcode": "X91 CDE5", "town_or_city": "Waterford", "street_address1": "38 Roanmore Terrace, Cannon St.", "street_address2": null, "county": "Waterford", "date": "2021-10-15T21:51:51.122Z", "order_total": "12.00", "original_cart": "{\"1\": 1}", "stripe_pid": "pi_3JkyJJCec8PIF8in0kzUskWD"}}, {"model": "checkout.order", "pk": 21, "fields": {"order_number": "78B255EF841A467593AA017F6C631DBE", "user_profile": 1, "full_name": "Keith Power", "email": "ukkpower@gmail.com", "phone_number": "085105741577", "postcode": "X91 CDE5", "town_or_city": "Waterford", "street_address1": "38 Roanmore Terrace, Cannon St.", "street_address2": null, "county": "Waterford", "date": "2021-10-15T21:56:45.429Z", "order_total": "12.00", "original_cart": "{\"2\": 1}", "stripe_pid": "pi_3JkyLVCec8PIF8in0UWJlNxc"}}, {"model": "checkout.order", "pk": 22, "fields": {"order_number": "0A40F64F96FD42468F66B7E241A36707", "user_profile": 1, "full_name": "Keith Power", "email": "ukkpower@gmail.com", "phone_number": "085105741577", "postcode": "X91 CDE5", "town_or_city": "Waterford", "street_address1": "38 Roanmore Terrace, Cannon St.", "street_address2": null, "county": "Waterford", "date": "2021-10-15T21:57:39.491Z", "order_total": "12.00", "original_cart": "{\"2\": 1}", "stripe_pid": "pi_3JkyP3Cec8PIF8in12NgG69i"}}, {"model": "checkout.order", "pk": 23, "fields": {"order_number": "BE4900678D3F4A7A9E8526ACF972340D", "user_profile": 1, "full_name": "Keith Power", "email": "ukkpower@gmail.com", "phone_number": "085105741577", "postcode": "X91 CDE5", "town_or_city": "Waterford", "street_address1": "38 Roanmore Terrace, Cannon St.", "street_address2": null, "county": "Waterford", "date": "2021-10-15T22:04:46.351Z", "order_total": "24.00", "original_cart": "{\"2\": 2}", "stripe_pid": "pi_3JkyVqCec8PIF8in1e6WXSk2"}}, {"model": "checkout.order", "pk": 24, "fields": {"order_number": "D434B4DBE4984DC8BCBC73A0BA37DDCF", "user_profile": 1, "full_name": "Keith Power", "email": "ukkpower@gmail.com", "phone_number": "085105741577", "postcode": "X91 CDE5", "town_or_city": "Waterford", "street_address1": "38 Roanmore Terrace, Cannon St.", "street_address2": null, "county": "Waterford", "date": "2021-10-15T22:07:22.933Z", "order_total": "10.00", "original_cart": "{\"4\": 1}", "stripe_pid": "pi_3JkyYACec8PIF8in0OsTsvzA"}}, {"model": "checkout.order", "pk": 25, "fields": {"order_number": "59539693B2FE461DB42007A1A11A29E8", "user_profile": 1, "full_name": "Keith Power", "email": "ukkpower@gmail.com", "phone_number": "085105741577", "postcode": "X91 CDE5", "town_or_city": "Waterford", "street_address1": "38 Roanmore Terrace, Cannon St.", "street_address2": "dfgdfgdfg", "county": "Waterford", "date": "2021-10-15T22:30:24.678Z", "order_total": "12.00", "original_cart": "{\"2\": 1}", "stripe_pid": "pi_3JkyuOCec8PIF8in01qXIIOV"}}, {"model": "checkout.orderlineitem", "pk": 1, "fields": {"order": 2, "gym_class": 1, "quantity": 4, "lineitem_total": "48.00"}}, {"model": "checkout.orderlineitem", "pk": 2, "fields": {"order": 3, "gym_class": 1, "quantity": 1, "lineitem_total": "12.00"}}, {"model": "checkout.orderlineitem", "pk": 3, "fields": {"order": 4, "gym_class": 1, "quantity": 1, "lineitem_total": "12.00"}}, {"model": "checkout.orderlineitem", "pk": 4, "fields": {"order": 5, "gym_class": 1, "quantity": 1, "lineitem_total": "12.00"}}, {"model": "checkout.orderlineitem", "pk": 5, "fields": {"order": 6, "gym_class": 1, "quantity": 2, "lineitem_total": "24.00"}}, {"model": "checkout.orderlineitem", "pk": 6, "fields": {"order": 7, "gym_class": 1, "quantity": 1, "lineitem_total": "12.00"}}, {"model": "checkout.orderlineitem", "pk": 7, "fields": {"order": 8, "gym_class": 1, "quantity": 1, "lineitem_total": "12.00"}}, {"model": "checkout.orderlineitem", "pk": 8, "fields": {"order": 9, "gym_class": 1, "quantity": 1, "lineitem_total": "12.00"}}, {"model": "checkout.orderlineitem", "pk": 9, "fields": {"order": 10, "gym_class": 1, "quantity": 1, "lineitem_total": "12.00"}}, {"model": "checkout.orderlineitem", "pk": 10, "fields": {"order": 11, "gym_class": 1, "quantity": 1, "lineitem_total": "12.00"}}, {"model": "checkout.orderlineitem", "pk": 11, "fields": {"order": 12, "gym_class": 1, "quantity": 1, "lineitem_total": "12.00"}}, {"model": "checkout.orderlineitem", "pk": 12, "fields": {"order": 13, "gym_class": 1, "quantity": 1, "lineitem_total": "12.00"}}, {"model": "checkout.orderlineitem", "pk": 13, "fields": {"order": 14, "gym_class": 1, "quantity": 1, "lineitem_total": "12.00"}}, {"model": "checkout.orderlineitem", "pk": 14, "fields": {"order": 15, "gym_class": 1, "quantity": 1, "lineitem_total": "12.00"}}, {"model": "checkout.orderlineitem", "pk": 15, "fields": {"order": 16, "gym_class": 1, "quantity": 1, "lineitem_total": "12.00"}}, {"model": "checkout.orderlineitem", "pk": 16, "fields": {"order": 17, "gym_class": 1, "quantity": 1, "lineitem_total": "12.00"}}, {"model": "checkout.orderlineitem", "pk": 17, "fields": {"order": 18, "gym_class": 1, "quantity": 1, "lineitem_total": "12.00"}}, {"model": "checkout.orderlineitem", "pk": 18, "fields": {"order": 19, "gym_class": 1, "quantity": 1, "lineitem_total": "12.00"}}, {"model": "checkout.orderlineitem", "pk": 19, "fields": {"order": 20, "gym_class": 1, "quantity": 1, "lineitem_total": "12.00"}}, {"model": "checkout.orderlineitem", "pk": 20, "fields": {"order": 21, "gym_class": 2, "quantity": 1, "lineitem_total": "12.00"}}, {"model": "checkout.orderlineitem", "pk": 21, "fields": {"order": 22, "gym_class": 2, "quantity": 1, "lineitem_total": "12.00"}}, {"model": "checkout.orderlineitem", "pk": 22, "fields": {"order": 23, "gym_class": 2, "quantity": 2, "lineitem_total": "24.00"}}, {"model": "checkout.orderlineitem", "pk": 23, "fields": {"order": 24, "gym_class": 4, "quantity": 1, "lineitem_total": "10.00"}}, {"model": "checkout.orderlineitem", "pk": 24, "fields": {"order": 25, "gym_class": 2, "quantity": 1, "lineitem_total": "12.00"}}, {"model": "profiles.userprofile", "pk": 1, "fields": {"user": 1, "default_phone_number": "085105741577", "default_street_address1": "38 Roanmore Terrace, Cannon St.", "default_street_address2": "dfgdfgdfg", "default_town_or_city": "Waterford", "default_county": "Waterford", "default_postcode": "X91 CDE5"}}, {"model": "profiles.userprofile", "pk": 2, "fields": {"user": 2, "default_phone_number": null, "default_street_address1": null, "default_street_address2": null, "default_town_or_city": null, "default_county": null, "default_postcode": null}}]